id,name,notes,volume,date,total
0001,Pheromone for women,"Древесный, пудровый, цветочный",50 мл,20.04.2026,250
0002,Pheromone for women,"Древесный, пудровый, цветочный",50 мл,20.04.2026,250
0003,Pheromone for women,"Древесный, пудровый, цветочный",50 мл,20.04.2026,250
0004,Pheromone for women,"Древесный, пудровый, цветочный",50 мл,20.04.2026,250
0005,Pheromone for women,"Древесный, пудровый, цветочный",50 мл,20.04.2026,250
0006,Pheromone for women,"Древесный, пудровый, цветочный",50 мл,20.04.2026,250
0007,Pheromone for women,"Древесный, пудровый, цветочный",50 мл,20.04.2026,250
0008,Pheromone for women,"Древесный, пудровый, цветочный",50 мл,20.04.2026,250
0009,Pheromone for women,"Древесный, пудровый, цветочный",50 мл,20.04.2026,250
0010,Pheromone for women,"Древесный, пудровый, цветочный",50 мл,20.04.2026,250
0011,Pheromone for women,"Древесный, пудровый, цветочный",50 мл,20.04.2026,250
0012,Pheromone for women,"Древесный, пудровый, цветочный",50 мл,20.04.2026,250
0013,Pheromone for women,"Древесный, пудровый, цветочный",50 мл,20.04.2026,250
0014,Pheromone for women,"Древесный, пудровый, цветочный",50 мл,20.04.2026,250
0015,Pheromone for women,"Древесный, пудровый, цветочный",50 мл,20.04.2026,250
0016,Pheromone for women,"Древесный, пудровый, цветочный",50 мл,20.04.2026,250
0017,Pheromone for women,"Древесный, пудровый, цветочный",50 мл,20.04.2026,250
0018,Pheromone for women,"Древесный, пудровый, цветочный",50 мл,20.04.2026,250
0019,Pheromone for women,"Древесный, пудровый, цветочный",50 мл,20.04.2026,250
0020,Pheromone for women,"Древесный, пудровый, цветочный",50 мл,20.04.2026,250
0021,Pheromone for women,"Древесный, пудровый, цветочный",50 мл,20.04.2026,250
0022,Pheromone for women,"Древесный, пудровый, цветочный",50 мл,20.04.2026,250
0023,Pheromone for women,"Древесный, пудровый, цветочный",50 мл,20.04.2026,250
0024,Pheromone for women,"Древесный, пудровый, цветочный",50 мл,20.04.2026,250
0025,Pheromone for women,"Древесный, пудровый, цветочный",50 мл,20.04.2026,250
0026,Pheromone for women,"Древесный, пудровый, цветочный",50 мл,20.04.2026,250
0027,Pheromone for women,"Древесный, пудровый, цветочный",50 мл,20.04.2026,250
0028,Pheromone for women,"Древесный, пудровый, цветочный",50 мл,20.04.2026,250
0029,Pheromone for women,"Древесный, пудровый, цветочный",50 мл,20.04.2026,250
0030,Pheromone for women,"Древесный, пудровый, цветочный",50 мл,20.04.2026,250
0031,Pheromone for women,"Древесный, пудровый, цветочный",50 мл,20.04.2026,250
0032,Pheromone for women,"Древесный, пудровый, цветочный",50 мл,20.04.2026,250
0033,Pheromone for women,"Древесный, пудровый, цветочный",50 мл,20.04.2026,250
0034,Pheromone for women,"Древесный, пудровый, цветочный",50 мл,20.04.2026,250
0035,Pheromone for women,"Древесный, пудровый, цветочный",50 мл,20.04.2026,250
0036,Pheromone for women,"Древесный, пудровый, цветочный",50 мл,20.04.2026,250
0037,Pheromone for women,"Древесный, пудровый, цветочный",50 мл,20.04.2026,250
0038,Pheromone for women,"Древесный, пудровый, цветочный",50 мл,20.04.2026,250
0039,Pheromone for women,"Древесный, пудровый, цветочный",50 мл,20.04.2026,250
0040,Pheromone for women,"Древесный, пудровый, цветочный",50 мл,20.04.2026,250
0041,Pheromone for women,"Древесный, пудровый, цветочный",50 мл,20.04.2026,250
0042,Pheromone for women,"Древесный, пудровый, цветочный",50 мл,20.04.2026,250
0043,Pheromone for women,"Древесный, пудровый, цветочный",50 мл,20.04.2026,250
0044,Pheromone for women,"Древесный, пудровый, цветочный",50 мл,20.04.2026,250
0045,Pheromone for women,"Древесный, пудровый, цветочный",50 мл,20.04.2026,250
0046,Pheromone for women,"Древесный, пудровый, цветочный",50 мл,20.04.2026,250
0047,Pheromone for women,"Древесный, пудровый, цветочный",50 мл,20.04.2026,250
0048,Pheromone for women,"Древесный, пудровый, цветочный",50 мл,20.04.2026,250
0049,Pheromone for women,"Древесный, пудровый, цветочный",50 мл,20.04.2026,250
0050,Pheromone for women,"Древесный, пудровый, цветочный",50 мл,20.04.2026,250
0051,Pheromone for women,"Древесный, пудровый, цветочный",50 мл,20.04.2026,250
0052,Pheromone for women,"Древесный, пудровый, цветочный",50 мл,20.04.2026,250
0053,Pheromone for women,"Древесный, пудровый, цветочный",50 мл,20.04.2026,250
0054,Pheromone for women,"Древесный, пудровый, цветочный",50 мл,20.04.2026,250
0055,Pheromone for women,"Древесный, пудровый, цветочный",50 мл,20.04.2026,250
0056,Pheromone for women,"Древесный, пудровый, цветочный",50 мл,20.04.2026,250
0057,Pheromone for women,"Древесный, пудровый, цветочный",50 мл,20.04.2026,250
0058,Pheromone for women,"Древесный, пудровый, цветочный",50 мл,20.04.2026,250
0059,Pheromone for women,"Древесный, пудровый, цветочный",50 мл,20.04.2026,250
0060,Pheromone for women,"Древесный, пудровый, цветочный",50 мл,20.04.2026,250
0061,Pheromone for women,"Древесный, пудровый, цветочный",50 мл,20.04.2026,250
0062,Pheromone for women,"Древесный, пудровый, цветочный",50 мл,20.04.2026,250
0063,Pheromone for women,"Древесный, пудровый, цветочный",50 мл,20.04.2026,250
0064,Pheromone for women,"Древесный, пудровый, цветочный",50 мл,20.04.2026,250
0065,Pheromone for women,"Древесный, пудровый, цветочный",50 мл,20.04.2026,250
0066,Pheromone for women,"Древесный, пудровый, цветочный",50 мл,20.04.2026,250
0067,Pheromone for women,"Древесный, пудровый, цветочный",50 мл,20.04.2026,250
0068,Pheromone for women,"Древесный, пудровый, цветочный",50 мл,20.04.2026,250
0069,Pheromone for women,"Древесный, пудровый, цветочный",50 мл,20.04.2026,250
0070,Pheromone for women,"Древесный, пудровый, цветочный",50 мл,20.04.2026,250
0071,Pheromone for women,"Древесный, пудровый, цветочный",50 мл,20.04.2026,250
0072,Pheromone for women,"Древесный, пудровый, цветочный",50 мл,20.04.2026,250
0073,Pheromone for women,"Древесный, пудровый, цветочный",50 мл,20.04.2026,250
0074,Pheromone for women,"Древесный, пудровый, цветочный",50 мл,20.04.2026,250
0075,Pheromone for women,"Древесный, пудровый, цветочный",50 мл,20.04.2026,250
0076,Pheromone for women,"Древесный, пудровый, цветочный",50 мл,20.04.2026,250
0077,Pheromone for women,"Древесный, пудровый, цветочный",50 мл,20.04.2026,250
0078,Pheromone for women,"Древесный, пудровый, цветочный",50 мл,20.04.2026,250
0079,Pheromone for women,"Древесный, пудровый, цветочный",50 мл,20.04.2026,250
0080,Pheromone for women,"Древесный, пудровый, цветочный",50 мл,20.04.2026,250
0081,Pheromone for women,"Древесный, пудровый, цветочный",50 мл,20.04.2026,250
0082,Pheromone for women,"Древесный, пудровый, цветочный",50 мл,20.04.2026,250
0083,Pheromone for women,"Древесный, пудровый, цветочный",50 мл,20.04.2026,250
0084,Pheromone for women,"Древесный, пудровый, цветочный",50 мл,20.04.2026,250
0085,Pheromone for women,"Древесный, пудровый, цветочный",50 мл,20.04.2026,250
0086,Pheromone for women,"Древесный, пудровый, цветочный",50 мл,20.04.2026,250
0087,Pheromone for women,"Древесный, пудровый, цветочный",50 мл,20.04.2026,250
0088,Pheromone for women,"Древесный, пудровый, цветочный",50 мл,20.04.2026,250
0089,Pheromone for women,"Древесный, пудровый, цветочный",50 мл,20.04.2026,250
0090,Pheromone for women,"Древесный, пудровый, цветочный",50 мл,20.04.2026,250
0091,Pheromone for women,"Древесный, пудровый, цветочный",50 мл,20.04.2026,250
0092,Pheromone for women,"Древесный, пудровый, цветочный",50 мл,20.04.2026,250
0093,Pheromone for women,"Древесный, пудровый, цветочный",50 мл,20.04.2026,250
0094,Pheromone for women,"Древесный, пудровый, цветочный",50 мл,20.04.2026,250
0095,Pheromone for women,"Древесный, пудровый, цветочный",50 мл,20.04.2026,250
0096,Pheromone for women,"Древесный, пудровый, цветочный",50 мл,20.04.2026,250
0097,Pheromone for women,"Древесный, пудровый, цветочный",50 мл,20.04.2026,250
0098,Pheromone for women,"Древесный, пудровый, цветочный",50 мл,20.04.2026,250
0099,Pheromone for women,"Древесный, пудровый, цветочный",50 мл,20.04.2026,250
0100,Pheromone for women,"Древесный, пудровый, цветочный",50 мл,20.04.2026,250
0101,Pheromone for women,"Древесный, пудровый, цветочный",50 мл,20.04.2026,250
0102,Pheromone for women,"Древесный, пудровый, цветочный",50 мл,20.04.2026,250
0103,Pheromone for women,"Древесный, пудровый, цветочный",50 мл,20.04.2026,250
0104,Pheromone for women,"Древесный, пудровый, цветочный",50 мл,20.04.2026,250
0105,Pheromone for women,"Древесный, пудровый, цветочный",50 мл,20.04.2026,250
0106,Pheromone for women,"Древесный, пудровый, цветочный",50 мл,20.04.2026,250
0107,Pheromone for women,"Древесный, пудровый, цветочный",50 мл,20.04.2026,250
0108,Pheromone for women,"Древесный, пудровый, цветочный",50 мл,20.04.2026,250
0109,Pheromone for women,"Древесный, пудровый, цветочный",50 мл,20.04.2026,250
0110,Pheromone for women,"Древесный, пудровый, цветочный",50 мл,20.04.2026,250
0111,Pheromone for women,"Древесный, пудровый, цветочный",50 мл,20.04.2026,250
0112,Pheromone for women,"Древесный, пудровый, цветочный",50 мл,20.04.2026,250
0113,Pheromone for women,"Древесный, пудровый, цветочный",50 мл,20.04.2026,250
0114,Pheromone for women,"Древесный, пудровый, цветочный",50 мл,20.04.2026,250
0115,Pheromone for women,"Древесный, пудровый, цветочный",50 мл,20.04.2026,250
0116,Pheromone for women,"Древесный, пудровый, цветочный",50 мл,20.04.2026,250
0117,Pheromone for women,"Древесный, пудровый, цветочный",50 мл,20.04.2026,250
0118,Pheromone for women,"Древесный, пудровый, цветочный",50 мл,20.04.2026,250
0119,Pheromone for women,"Древесный, пудровый, цветочный",50 мл,20.04.2026,250
0120,Pheromone for women,"Древесный, пудровый, цветочный",50 мл,20.04.2026,250
0121,Pheromone for women,"Древесный, пудровый, цветочный",50 мл,20.04.2026,250
0122,Pheromone for women,"Древесный, пудровый, цветочный",50 мл,20.04.2026,250
0123,Pheromone for women,"Древесный, пудровый, цветочный",50 мл,20.04.2026,250
0124,Pheromone for women,"Древесный, пудровый, цветочный",50 мл,20.04.2026,250
0125,Pheromone for women,"Древесный, пудровый, цветочный",50 мл,20.04.2026,250
0126,Pheromone for women,"Древесный, пудровый, цветочный",50 мл,20.04.2026,250
0127,Pheromone for women,"Древесный, пудровый, цветочный",50 мл,20.04.2026,250
0128,Pheromone for women,"Древесный, пудровый, цветочный",50 мл,20.04.2026,250
0129,Pheromone for women,"Древесный, пудровый, цветочный",50 мл,20.04.2026,250
0130,Pheromone for women,"Древесный, пудровый, цветочный",50 мл,20.04.2026,250
0131,Pheromone for women,"Древесный, пудровый, цветочный",50 мл,20.04.2026,250
0132,Pheromone for women,"Древесный, пудровый, цветочный",50 мл,20.04.2026,250
0133,Pheromone for women,"Древесный, пудровый, цветочный",50 мл,20.04.2026,250
0134,Pheromone for women,"Древесный, пудровый, цветочный",50 мл,20.04.2026,250
0135,Pheromone for women,"Древесный, пудровый, цветочный",50 мл,20.04.2026,250
0136,Pheromone for women,"Древесный, пудровый, цветочный",50 мл,20.04.2026,250
0137,Pheromone for women,"Древесный, пудровый, цветочный",50 мл,20.04.2026,250
0138,Pheromone for women,"Древесный, пудровый, цветочный",50 мл,20.04.2026,250
0139,Pheromone for women,"Древесный, пудровый, цветочный",50 мл,20.04.2026,250
0140,Pheromone for women,"Древесный, пудровый, цветочный",50 мл,20.04.2026,250
0141,Pheromone for women,"Древесный, пудровый, цветочный",50 мл,20.04.2026,250
0142,Pheromone for women,"Древесный, пудровый, цветочный",50 мл,20.04.2026,250
0143,Pheromone for women,"Древесный, пудровый, цветочный",50 мл,20.04.2026,250
0144,Pheromone for women,"Древесный, пудровый, цветочный",50 мл,20.04.2026,250
0145,Pheromone for women,"Древесный, пудровый, цветочный",50 мл,20.04.2026,250
0146,Pheromone for women,"Древесный, пудровый, цветочный",50 мл,20.04.2026,250
0147,Pheromone for women,"Древесный, пудровый, цветочный",50 мл,20.04.2026,250
0148,Pheromone for women,"Древесный, пудровый, цветочный",50 мл,20.04.2026,250
0149,Pheromone for women,"Древесный, пудровый, цветочный",50 мл,20.04.2026,250
0150,Pheromone for women,"Древесный, пудровый, цветочный",50 мл,20.04.2026,250
0151,Pheromone for women,"Древесный, пудровый, цветочный",50 мл,20.04.2026,250
0152,Pheromone for women,"Древесный, пудровый, цветочный",50 мл,20.04.2026,250
0153,Pheromone for women,"Древесный, пудровый, цветочный",50 мл,20.04.2026,250
0154,Pheromone for women,"Древесный, пудровый, цветочный",50 мл,20.04.2026,250
0155,Pheromone for women,"Древесный, пудровый, цветочный",50 мл,20.04.2026,250
0156,Pheromone for women,"Древесный, пудровый, цветочный",50 мл,20.04.2026,250
0157,Pheromone for women,"Древесный, пудровый, цветочный",50 мл,20.04.2026,250
0158,Pheromone for women,"Древесный, пудровый, цветочный",50 мл,20.04.2026,250
0159,Pheromone for women,"Древесный, пудровый, цветочный",50 мл,20.04.2026,250
0160,Pheromone for women,"Древесный, пудровый, цветочный",50 мл,20.04.2026,250
0161,Pheromone for women,"Древесный, пудровый, цветочный",50 мл,20.04.2026,250
0162,Pheromone for women,"Древесный, пудровый, цветочный",50 мл,20.04.2026,250
0163,Pheromone for women,"Древесный, пудровый, цветочный",50 мл,20.04.2026,250
0164,Pheromone for women,"Древесный, пудровый, цветочный",50 мл,20.04.2026,250
0165,Pheromone for women,"Древесный, пудровый, цветочный",50 мл,20.04.2026,250
0166,Pheromone for women,"Древесный, пудровый, цветочный",50 мл,20.04.2026,250
0167,Pheromone for women,"Древесный, пудровый, цветочный",50 мл,20.04.2026,250
0168,Pheromone for women,"Древесный, пудровый, цветочный",50 мл,20.04.2026,250
0169,Pheromone for women,"Древесный, пудровый, цветочный",50 мл,20.04.2026,250
0170,Pheromone for women,"Древесный, пудровый, цветочный",50 мл,20.04.2026,250
0171,Pheromone for women,"Древесный, пудровый, цветочный",50 мл,20.04.2026,250
0172,Pheromone for women,"Древесный, пудровый, цветочный",50 мл,20.04.2026,250
0173,Pheromone for women,"Древесный, пудровый, цветочный",50 мл,20.04.2026,250
0174,Pheromone for women,"Древесный, пудровый, цветочный",50 мл,20.04.2026,250
0175,Pheromone for women,"Древесный, пудровый, цветочный",50 мл,20.04.2026,250
0176,Pheromone for women,"Древесный, пудровый, цветочный",50 мл,20.04.2026,250
0177,Pheromone for women,"Древесный, пудровый, цветочный",50 мл,20.04.2026,250
0178,Pheromone for women,"Древесный, пудровый, цветочный",50 мл,20.04.2026,250
0179,Pheromone for women,"Древесный, пудровый, цветочный",50 мл,20.04.2026,250
0180,Pheromone for women,"Древесный, пудровый, цветочный",50 мл,20.04.2026,250
0181,Pheromone for women,"Древесный, пудровый, цветочный",50 мл,20.04.2026,250
0182,Pheromone for women,"Древесный, пудровый, цветочный",50 мл,20.04.2026,250
0183,Pheromone for women,"Древесный, пудровый, цветочный",50 мл,20.04.2026,250
0184,Pheromone for women,"Древесный, пудровый, цветочный",50 мл,20.04.2026,250
0185,Pheromone for women,"Древесный, пудровый, цветочный",50 мл,20.04.2026,250
0186,Pheromone for women,"Древесный, пудровый, цветочный",50 мл,20.04.2026,250
0187,Pheromone for women,"Древесный, пудровый, цветочный",50 мл,20.04.2026,250
0188,Pheromone for women,"Древесный, пудровый, цветочный",50 мл,20.04.2026,250
0189,Pheromone for women,"Древесный, пудровый, цветочный",50 мл,20.04.2026,250
0190,Pheromone for women,"Древесный, пудровый, цветочный",50 мл,20.04.2026,250
0191,Pheromone for women,"Древесный, пудровый, цветочный",50 мл,20.04.2026,250
0192,Pheromone for women,"Древесный, пудровый, цветочный",50 мл,20.04.2026,250
0193,Pheromone for women,"Древесный, пудровый, цветочный",50 мл,20.04.2026,250
0194,Pheromone for women,"Древесный, пудровый, цветочный",50 мл,20.04.2026,250
0195,Pheromone for women,"Древесный, пудровый, цветочный",50 мл,20.04.2026,250
0196,Pheromone for women,"Древесный, пудровый, цветочный",50 мл,20.04.2026,250
0197,Pheromone for women,"Древесный, пудровый, цветочный",50 мл,20.04.2026,250
0198,Pheromone for women,"Древесный, пудровый, цветочный",50 мл,20.04.2026,250
0199,Pheromone for women,"Древесный, пудровый, цветочный",50 мл,20.04.2026,250
0200,Pheromone for women,"Древесный, пудровый, цветочный",50 мл,20.04.2026,250
0201,Pheromone for women,"Древесный, пудровый, цветочный",50 мл,20.04.2026,250
0202,Pheromone for women,"Древесный, пудровый, цветочный",50 мл,20.04.2026,250
0203,Pheromone for women,"Древесный, пудровый, цветочный",50 мл,20.04.2026,250
0204,Pheromone for women,"Древесный, пудровый, цветочный",50 мл,20.04.2026,250
0205,Pheromone for women,"Древесный, пудровый, цветочный",50 мл,20.04.2026,250
0206,Pheromone for women,"Древесный, пудровый, цветочный",50 мл,20.04.2026,250
0207,Pheromone for women,"Древесный, пудровый, цветочный",50 мл,20.04.2026,250
0208,Pheromone for women,"Древесный, пудровый, цветочный",50 мл,20.04.2026,250
0209,Pheromone for women,"Древесный, пудровый, цветочный",50 мл,20.04.2026,250
0210,Pheromone for women,"Древесный, пудровый, цветочный",50 мл,20.04.2026,250
0211,Pheromone for women,"Древесный, пудровый, цветочный",50 мл,20.04.2026,250
0212,Pheromone for women,"Древесный, пудровый, цветочный",50 мл,20.04.2026,250
0213,Pheromone for women,"Древесный, пудровый, цветочный",50 мл,20.04.2026,250
0214,Pheromone for women,"Древесный, пудровый, цветочный",50 мл,20.04.2026,250
0215,Pheromone for women,"Древесный, пудровый, цветочный",50 мл,20.04.2026,250
0216,Pheromone for women,"Древесный, пудровый, цветочный",50 мл,20.04.2026,250
0217,Pheromone for women,"Древесный, пудровый, цветочный",50 мл,20.04.2026,250
0218,Pheromone for women,"Древесный, пудровый, цветочный",50 мл,20.04.2026,250
0219,Pheromone for women,"Древесный, пудровый, цветочный",50 мл,20.04.2026,250
0220,Pheromone for women,"Древесный, пудровый, цветочный",50 мл,20.04.2026,250
0221,Pheromone for women,"Древесный, пудровый, цветочный",50 мл,20.04.2026,250
0222,Pheromone for women,"Древесный, пудровый, цветочный",50 мл,20.04.2026,250
0223,Pheromone for women,"Древесный, пудровый, цветочный",50 мл,20.04.2026,250
0224,Pheromone for women,"Древесный, пудровый, цветочный",50 мл,20.04.2026,250
0225,Pheromone for women,"Древесный, пудровый, цветочный",50 мл,20.04.2026,250
0226,Pheromone for women,"Древесный, пудровый, цветочный",50 мл,20.04.2026,250
0227,Pheromone for women,"Древесный, пудровый, цветочный",50 мл,20.04.2026,250
0228,Pheromone for women,"Древесный, пудровый, цветочный",50 мл,20.04.2026,250
0229,Pheromone for women,"Древесный, пудровый, цветочный",50 мл,20.04.2026,250
0230,Pheromone for women,"Древесный, пудровый, цветочный",50 мл,20.04.2026,250
0231,Pheromone for women,"Древесный, пудровый, цветочный",50 мл,20.04.2026,250
0232,Pheromone for women,"Древесный, пудровый, цветочный",50 мл,20.04.2026,250
0233,Pheromone for women,"Древесный, пудровый, цветочный",50 мл,20.04.2026,250
0234,Pheromone for women,"Древесный, пудровый, цветочный",50 мл,20.04.2026,250
0235,Pheromone for women,"Древесный, пудровый, цветочный",50 мл,20.04.2026,250
0236,Pheromone for women,"Древесный, пудровый, цветочный",50 мл,20.04.2026,250
0237,Pheromone for women,"Древесный, пудровый, цветочный",50 мл,20.04.2026,250
0238,Pheromone for women,"Древесный, пудровый, цветочный",50 мл,20.04.2026,250
0239,Pheromone for women,"Древесный, пудровый, цветочный",50 мл,20.04.2026,250
0240,Pheromone for women,"Древесный, пудровый, цветочный",50 мл,20.04.2026,250
0241,Pheromone for women,"Древесный, пудровый, цветочный",50 мл,20.04.2026,250
0242,Pheromone for women,"Древесный, пудровый, цветочный",50 мл,20.04.2026,250
0243,Pheromone for women,"Древесный, пудровый, цветочный",50 мл,20.04.2026,250
0244,Pheromone for women,"Древесный, пудровый, цветочный",50 мл,20.04.2026,250
0245,Pheromone for women,"Древесный, пудровый, цветочный",50 мл,20.04.2026,250
0246,Pheromone for women,"Древесный, пудровый, цветочный",50 мл,20.04.2026,250
0247,Pheromone for women,"Древесный, пудровый, цветочный",50 мл,20.04.2026,250
0248,Pheromone for women,"Древесный, пудровый, цветочный",50 мл,20.04.2026,250
0249,Pheromone for women,"Древесный, пудровый, цветочный",50 мл,20.04.2026,250
0250,Pheromone for women,"Древесный, пудровый, цветочный",50 мл,20.04.2026,250
1001,Pheromone for men,"Фужерный, свежий пряный, цитрусовый",50 мл,22.04.2026,250
1002,Pheromone for men,"Фужерный, свежий пряный, цитрусовый",50 мл,22.04.2026,250
1003,Pheromone for men,"Фужерный, свежий пряный, цитрусовый",50 мл,22.04.2026,250
1004,Pheromone for men,"Фужерный, свежий пряный, цитрусовый",50 мл,22.04.2026,250
1005,Pheromone for men,"Фужерный, свежий пряный, цитрусовый",50 мл,22.04.2026,250
1006,Pheromone for men,"Фужерный, свежий пряный, цитрусовый",50 мл,22.04.2026,250
1007,Pheromone for men,"Фужерный, свежий пряный, цитрусовый",50 мл,22.04.2026,250
1008,Pheromone for men,"Фужерный, свежий пряный, цитрусовый",50 мл,22.04.2026,250
1009,Pheromone for men,"Фужерный, свежий пряный, цитрусовый",50 мл,22.04.2026,250
1010,Pheromone for men,"Фужерный, свежий пряный, цитрусовый",50 мл,22.04.2026,250
1011,Pheromone for men,"Фужерный, свежий пряный, цитрусовый",50 мл,22.04.2026,250
1012,Pheromone for men,"Фужерный, свежий пряный, цитрусовый",50 мл,22.04.2026,250
1013,Pheromone for men,"Фужерный, свежий пряный, цитрусовый",50 мл,22.04.2026,250
1014,Pheromone for men,"Фужерный, свежий пряный, цитрусовый",50 мл,22.04.2026,250
1015,Pheromone for men,"Фужерный, свежий пряный, цитрусовый",50 мл,22.04.2026,250
1016,Pheromone for men,"Фужерный, свежий пряный, цитрусовый",50 мл,22.04.2026,250
1017,Pheromone for men,"Фужерный, свежий пряный, цитрусовый",50 мл,22.04.2026,250
1018,Pheromone for men,"Фужерный, свежий пряный, цитрусовый",50 мл,22.04.2026,250
1019,Pheromone for men,"Фужерный, свежий пряный, цитрусовый",50 мл,22.04.2026,250
1020,Pheromone for men,"Фужерный, свежий пряный, цитрусовый",50 мл,22.04.2026,250
1021,Pheromone for men,"Фужерный, свежий пряный, цитрусовый",50 мл,22.04.2026,250
1022,Pheromone for men,"Фужерный, свежий пряный, цитрусовый",50 мл,22.04.2026,250
1023,Pheromone for men,"Фужерный, свежий пряный, цитрусовый",50 мл,22.04.2026,250
1024,Pheromone for men,"Фужерный, свежий пряный, цитрусовый",50 мл,22.04.2026,250
1025,Pheromone for men,"Фужерный, свежий пряный, цитрусовый",50 мл,22.04.2026,250
1026,Pheromone for men,"Фужерный, свежий пряный, цитрусовый",50 мл,22.04.2026,250
1027,Pheromone for men,"Фужерный, свежий пряный, цитрусовый",50 мл,22.04.2026,250
1028,Pheromone for men,"Фужерный, свежий пряный, цитрусовый",50 мл,22.04.2026,250
1029,Pheromone for men,"Фужерный, свежий пряный, цитрусовый",50 мл,22.04.2026,250
1030,Pheromone for men,"Фужерный, свежий пряный, цитрусовый",50 мл,22.04.2026,250
1031,Pheromone for men,"Фужерный, свежий пряный, цитрусовый",50 мл,22.04.2026,250
1032,Pheromone for men,"Фужерный, свежий пряный, цитрусовый",50 мл,22.04.2026,250
1033,Pheromone for men,"Фужерный, свежий пряный, цитрусовый",50 мл,22.04.2026,250
1034,Pheromone for men,"Фужерный, свежий пряный, цитрусовый",50 мл,22.04.2026,250
1035,Pheromone for men,"Фужерный, свежий пряный, цитрусовый",50 мл,22.04.2026,250
1036,Pheromone for men,"Фужерный, свежий пряный, цитрусовый",50 мл,22.04.2026,250
1037,Pheromone for men,"Фужерный, свежий пряный, цитрусовый",50 мл,22.04.2026,250
1038,Pheromone for men,"Фужерный, свежий пряный, цитрусовый",50 мл,22.04.2026,250
1039,Pheromone for men,"Фужерный, свежий пряный, цитрусовый",50 мл,22.04.2026,250
1040,Pheromone for men,"Фужерный, свежий пряный, цитрусовый",50 мл,22.04.2026,250
1041,Pheromone for men,"Фужерный, свежий пряный, цитрусовый",50 мл,22.04.2026,250
1042,Pheromone for men,"Фужерный, свежий пряный, цитрусовый",50 мл,22.04.2026,250
1043,Pheromone for men,"Фужерный, свежий пряный, цитрусовый",50 мл,22.04.2026,250
1044,Pheromone for men,"Фужерный, свежий пряный, цитрусовый",50 мл,22.04.2026,250
1045,Pheromone for men,"Фужерный, свежий пряный, цитрусовый",50 мл,22.04.2026,250
1046,Pheromone for men,"Фужерный, свежий пряный, цитрусовый",50 мл,22.04.2026,250
1047,Pheromone for men,"Фужерный, свежий пряный, цитрусовый",50 мл,22.04.2026,250
1048,Pheromone for men,"Фужерный, свежий пряный, цитрусовый",50 мл,22.04.2026,250
1049,Pheromone for men,"Фужерный, свежий пряный, цитрусовый",50 мл,22.04.2026,250
1050,Pheromone for men,"Фужерный, свежий пряный, цитрусовый",50 мл,22.04.2026,250
1051,Pheromone for men,"Фужерный, свежий пряный, цитрусовый",50 мл,22.04.2026,250
1052,Pheromone for men,"Фужерный, свежий пряный, цитрусовый",50 мл,22.04.2026,250
1053,Pheromone for men,"Фужерный, свежий пряный, цитрусовый",50 мл,22.04.2026,250
1054,Pheromone for men,"Фужерный, свежий пряный, цитрусовый",50 мл,22.04.2026,250
1055,Pheromone for men,"Фужерный, свежий пряный, цитрусовый",50 мл,22.04.2026,250
1056,Pheromone for men,"Фужерный, свежий пряный, цитрусовый",50 мл,22.04.2026,250
1057,Pheromone for men,"Фужерный, свежий пряный, цитрусовый",50 мл,22.04.2026,250
1058,Pheromone for men,"Фужерный, свежий пряный, цитрусовый",50 мл,22.04.2026,250
1059,Pheromone for men,"Фужерный, свежий пряный, цитрусовый",50 мл,22.04.2026,250
1060,Pheromone for men,"Фужерный, свежий пряный, цитрусовый",50 мл,22.04.2026,250
1061,Pheromone for men,"Фужерный, свежий пряный, цитрусовый",50 мл,22.04.2026,250
1062,Pheromone for men,"Фужерный, свежий пряный, цитрусовый",50 мл,22.04.2026,250
1063,Pheromone for men,"Фужерный, свежий пряный, цитрусовый",50 мл,22.04.2026,250
1064,Pheromone for men,"Фужерный, свежий пряный, цитрусовый",50 мл,22.04.2026,250
1065,Pheromone for men,"Фужерный, свежий пряный, цитрусовый",50 мл,22.04.2026,250
1066,Pheromone for men,"Фужерный, свежий пряный, цитрусовый",50 мл,22.04.2026,250
1067,Pheromone for men,"Фужерный, свежий пряный, цитрусовый",50 мл,22.04.2026,250
1068,Pheromone for men,"Фужерный, свежий пряный, цитрусовый",50 мл,22.04.2026,250
1069,Pheromone for men,"Фужерный, свежий пряный, цитрусовый",50 мл,22.04.2026,250
1070,Pheromone for men,"Фужерный, свежий пряный, цитрусовый",50 мл,22.04.2026,250
1071,Pheromone for men,"Фужерный, свежий пряный, цитрусовый",50 мл,22.04.2026,250
1072,Pheromone for men,"Фужерный, свежий пряный, цитрусовый",50 мл,22.04.2026,250
1073,Pheromone for men,"Фужерный, свежий пряный, цитрусовый",50 мл,22.04.2026,250
1074,Pheromone for men,"Фужерный, свежий пряный, цитрусовый",50 мл,22.04.2026,250
1075,Pheromone for men,"Фужерный, свежий пряный, цитрусовый",50 мл,22.04.2026,250
1076,Pheromone for men,"Фужерный, свежий пряный, цитрусовый",50 мл,22.04.2026,250
1077,Pheromone for men,"Фужерный, свежий пряный, цитрусовый",50 мл,22.04.2026,250
1078,Pheromone for men,"Фужерный, свежий пряный, цитрусовый",50 мл,22.04.2026,250
1079,Pheromone for men,"Фужерный, свежий пряный, цитрусовый",50 мл,22.04.2026,250
1080,Pheromone for men,"Фужерный, свежий пряный, цитрусовый",50 мл,22.04.2026,250
1081,Pheromone for men,"Фужерный, свежий пряный, цитрусовый",50 мл,22.04.2026,250
1082,Pheromone for men,"Фужерный, свежий пряный, цитрусовый",50 мл,22.04.2026,250
1083,Pheromone for men,"Фужерный, свежий пряный, цитрусовый",50 мл,22.04.2026,250
1084,Pheromone for men,"Фужерный, свежий пряный, цитрусовый",50 мл,22.04.2026,250
1085,Pheromone for men,"Фужерный, свежий пряный, цитрусовый",50 мл,22.04.2026,250
1086,Pheromone for men,"Фужерный, свежий пряный, цитрусовый",50 мл,22.04.2026,250
1087,Pheromone for men,"Фужерный, свежий пряный, цитрусовый",50 мл,22.04.2026,250
1088,Pheromone for men,"Фужерный, свежий пряный, цитрусовый",50 мл,22.04.2026,250
1089,Pheromone for men,"Фужерный, свежий пряный, цитрусовый",50 мл,22.04.2026,250
1090,Pheromone for men,"Фужерный, свежий пряный, цитрусовый",50 мл,22.04.2026,250
1091,Pheromone for men,"Фужерный, свежий пряный, цитрусовый",50 мл,22.04.2026,250
1092,Pheromone for men,"Фужерный, свежий пряный, цитрусовый",50 мл,22.04.2026,250
1093,Pheromone for men,"Фужерный, свежий пряный, цитрусовый",50 мл,22.04.2026,250
1094,Pheromone for men,"Фужерный, свежий пряный, цитрусовый",50 мл,22.04.2026,250
1095,Pheromone for men,"Фужерный, свежий пряный, цитрусовый",50 мл,22.04.2026,250
1096,Pheromone for men,"Фужерный, свежий пряный, цитрусовый",50 мл,22.04.2026,250
1097,Pheromone for men,"Фужерный, свежий пряный, цитрусовый",50 мл,22.04.2026,250
1098,Pheromone for men,"Фужерный, свежий пряный, цитрусовый",50 мл,22.04.2026,250
1099,Pheromone for men,"Фужерный, свежий пряный, цитрусовый",50 мл,22.04.2026,250
1100,Pheromone for men,"Фужерный, свежий пряный, цитрусовый",50 мл,22.04.2026,250
1101,Pheromone for men,"Фужерный, свежий пряный, цитрусовый",50 мл,22.04.2026,250
1102,Pheromone for men,"Фужерный, свежий пряный, цитрусовый",50 мл,22.04.2026,250
1103,Pheromone for men,"Фужерный, свежий пряный, цитрусовый",50 мл,22.04.2026,250
1104,Pheromone for men,"Фужерный, свежий пряный, цитрусовый",50 мл,22.04.2026,250
1105,Pheromone for men,"Фужерный, свежий пряный, цитрусовый",50 мл,22.04.2026,250
1106,Pheromone for men,"Фужерный, свежий пряный, цитрусовый",50 мл,22.04.2026,250
1107,Pheromone for men,"Фужерный, свежий пряный, цитрусовый",50 мл,22.04.2026,250
1108,Pheromone for men,"Фужерный, свежий пряный, цитрусовый",50 мл,22.04.2026,250
1109,Pheromone for men,"Фужерный, свежий пряный, цитрусовый",50 мл,22.04.2026,250
1110,Pheromone for men,"Фужерный, свежий пряный, цитрусовый",50 мл,22.04.2026,250
1111,Pheromone for men,"Фужерный, свежий пряный, цитрусовый",50 мл,22.04.2026,250
1112,Pheromone for men,"Фужерный, свежий пряный, цитрусовый",50 мл,22.04.2026,250
1113,Pheromone for men,"Фужерный, свежий пряный, цитрусовый",50 мл,22.04.2026,250
1114,Pheromone for men,"Фужерный, свежий пряный, цитрусовый",50 мл,22.04.2026,250
1115,Pheromone for men,"Фужерный, свежий пряный, цитрусовый",50 мл,22.04.2026,250
1116,Pheromone for men,"Фужерный, свежий пряный, цитрусовый",50 мл,22.04.2026,250
1117,Pheromone for men,"Фужерный, свежий пряный, цитрусовый",50 мл,22.04.2026,250
1118,Pheromone for men,"Фужерный, свежий пряный, цитрусовый",50 мл,22.04.2026,250
1119,Pheromone for men,"Фужерный, свежий пряный, цитрусовый",50 мл,22.04.2026,250
1120,Pheromone for men,"Фужерный, свежий пряный, цитрусовый",50 мл,22.04.2026,250
1121,Pheromone for men,"Фужерный, свежий пряный, цитрусовый",50 мл,22.04.2026,250
1122,Pheromone for men,"Фужерный, свежий пряный, цитрусовый",50 мл,22.04.2026,250
1123,Pheromone for men,"Фужерный, свежий пряный, цитрусовый",50 мл,22.04.2026,250
1124,Pheromone for men,"Фужерный, свежий пряный, цитрусовый",50 мл,22.04.2026,250
1125,Pheromone for men,"Фужерный, свежий пряный, цитрусовый",50 мл,22.04.2026,250
1126,Pheromone for men,"Фужерный, свежий пряный, цитрусовый",50 мл,22.04.2026,250
1127,Pheromone for men,"Фужерный, свежий пряный, цитрусовый",50 мл,22.04.2026,250
1128,Pheromone for men,"Фужерный, свежий пряный, цитрусовый",50 мл,22.04.2026,250
1129,Pheromone for men,"Фужерный, свежий пряный, цитрусовый",50 мл,22.04.2026,250
1130,Pheromone for men,"Фужерный, свежий пряный, цитрусовый",50 мл,22.04.2026,250
1131,Pheromone for men,"Фужерный, свежий пряный, цитрусовый",50 мл,22.04.2026,250
1132,Pheromone for men,"Фужерный, свежий пряный, цитрусовый",50 мл,22.04.2026,250
1133,Pheromone for men,"Фужерный, свежий пряный, цитрусовый",50 мл,22.04.2026,250
1134,Pheromone for men,"Фужерный, свежий пряный, цитрусовый",50 мл,22.04.2026,250
1135,Pheromone for men,"Фужерный, свежий пряный, цитрусовый",50 мл,22.04.2026,250
1136,Pheromone for men,"Фужерный, свежий пряный, цитрусовый",50 мл,22.04.2026,250
1137,Pheromone for men,"Фужерный, свежий пряный, цитрусовый",50 мл,22.04.2026,250
1138,Pheromone for men,"Фужерный, свежий пряный, цитрусовый",50 мл,22.04.2026,250
1139,Pheromone for men,"Фужерный, свежий пряный, цитрусовый",50 мл,22.04.2026,250
1140,Pheromone for men,"Фужерный, свежий пряный, цитрусовый",50 мл,22.04.2026,250
1141,Pheromone for men,"Фужерный, свежий пряный, цитрусовый",50 мл,22.04.2026,250
1142,Pheromone for men,"Фужерный, свежий пряный, цитрусовый",50 мл,22.04.2026,250
1143,Pheromone for men,"Фужерный, свежий пряный, цитрусовый",50 мл,22.04.2026,250
1144,Pheromone for men,"Фужерный, свежий пряный, цитрусовый",50 мл,22.04.2026,250
1145,Pheromone for men,"Фужерный, свежий пряный, цитрусовый",50 мл,22.04.2026,250
1146,Pheromone for men,"Фужерный, свежий пряный, цитрусовый",50 мл,22.04.2026,250
1147,Pheromone for men,"Фужерный, свежий пряный, цитрусовый",50 мл,22.04.2026,250
1148,Pheromone for men,"Фужерный, свежий пряный, цитрусовый",50 мл,22.04.2026,250
1149,Pheromone for men,"Фужерный, свежий пряный, цитрусовый",50 мл,22.04.2026,250
1150,Pheromone for men,"Фужерный, свежий пряный, цитрусовый",50 мл,22.04.2026,250
1151,Pheromone for men,"Фужерный, свежий пряный, цитрусовый",50 мл,22.04.2026,250
1152,Pheromone for men,"Фужерный, свежий пряный, цитрусовый",50 мл,22.04.2026,250
1153,Pheromone for men,"Фужерный, свежий пряный, цитрусовый",50 мл,22.04.2026,250
1154,Pheromone for men,"Фужерный, свежий пряный, цитрусовый",50 мл,22.04.2026,250
1155,Pheromone for men,"Фужерный, свежий пряный, цитрусовый",50 мл,22.04.2026,250
1156,Pheromone for men,"Фужерный, свежий пряный, цитрусовый",50 мл,22.04.2026,250
1157,Pheromone for men,"Фужерный, свежий пряный, цитрусовый",50 мл,22.04.2026,250
1158,Pheromone for men,"Фужерный, свежий пряный, цитрусовый",50 мл,22.04.2026,250
1159,Pheromone for men,"Фужерный, свежий пряный, цитрусовый",50 мл,22.04.2026,250
1160,Pheromone for men,"Фужерный, свежий пряный, цитрусовый",50 мл,22.04.2026,250
1161,Pheromone for men,"Фужерный, свежий пряный, цитрусовый",50 мл,22.04.2026,250
1162,Pheromone for men,"Фужерный, свежий пряный, цитрусовый",50 мл,22.04.2026,250
1163,Pheromone for men,"Фужерный, свежий пряный, цитрусовый",50 мл,22.04.2026,250
1164,Pheromone for men,"Фужерный, свежий пряный, цитрусовый",50 мл,22.04.2026,250
1165,Pheromone for men,"Фужерный, свежий пряный, цитрусовый",50 мл,22.04.2026,250
1166,Pheromone for men,"Фужерный, свежий пряный, цитрусовый",50 мл,22.04.2026,250
1167,Pheromone for men,"Фужерный, свежий пряный, цитрусовый",50 мл,22.04.2026,250
1168,Pheromone for men,"Фужерный, свежий пряный, цитрусовый",50 мл,22.04.2026,250
1169,Pheromone for men,"Фужерный, свежий пряный, цитрусовый",50 мл,22.04.2026,250
1170,Pheromone for men,"Фужерный, свежий пряный, цитрусовый",50 мл,22.04.2026,250
1171,Pheromone for men,"Фужерный, свежий пряный, цитрусовый",50 мл,22.04.2026,250
1172,Pheromone for men,"Фужерный, свежий пряный, цитрусовый",50 мл,22.04.2026,250
1173,Pheromone for men,"Фужерный, свежий пряный, цитрусовый",50 мл,22.04.2026,250
1174,Pheromone for men,"Фужерный, свежий пряный, цитрусовый",50 мл,22.04.2026,250
1175,Pheromone for men,"Фужерный, свежий пряный, цитрусовый",50 мл,22.04.2026,250
1176,Pheromone for men,"Фужерный, свежий пряный, цитрусовый",50 мл,22.04.2026,250
1177,Pheromone for men,"Фужерный, свежий пряный, цитрусовый",50 мл,22.04.2026,250
1178,Pheromone for men,"Фужерный, свежий пряный, цитрусовый",50 мл,22.04.2026,250
1179,Pheromone for men,"Фужерный, свежий пряный, цитрусовый",50 мл,22.04.2026,250
1180,Pheromone for men,"Фужерный, свежий пряный, цитрусовый",50 мл,22.04.2026,250
1181,Pheromone for men,"Фужерный, свежий пряный, цитрусовый",50 мл,22.04.2026,250
1182,Pheromone for men,"Фужерный, свежий пряный, цитрусовый",50 мл,22.04.2026,250
1183,Pheromone for men,"Фужерный, свежий пряный, цитрусовый",50 мл,22.04.2026,250
1184,Pheromone for men,"Фужерный, свежий пряный, цитрусовый",50 мл,22.04.2026,250
1185,Pheromone for men,"Фужерный, свежий пряный, цитрусовый",50 мл,22.04.2026,250
1186,Pheromone for men,"Фужерный, свежий пряный, цитрусовый",50 мл,22.04.2026,250
1187,Pheromone for men,"Фужерный, свежий пряный, цитрусовый",50 мл,22.04.2026,250
1188,Pheromone for men,"Фужерный, свежий пряный, цитрусовый",50 мл,22.04.2026,250
1189,Pheromone for men,"Фужерный, свежий пряный, цитрусовый",50 мл,22.04.2026,250
1190,Pheromone for men,"Фужерный, свежий пряный, цитрусовый",50 мл,22.04.2026,250
1191,Pheromone for men,"Фужерный, свежий пряный, цитрусовый",50 мл,22.04.2026,250
1192,Pheromone for men,"Фужерный, свежий пряный, цитрусовый",50 мл,22.04.2026,250
1193,Pheromone for men,"Фужерный, свежий пряный, цитрусовый",50 мл,22.04.2026,250
1194,Pheromone for men,"Фужерный, свежий пряный, цитрусовый",50 мл,22.04.2026,250
1195,Pheromone for men,"Фужерный, свежий пряный, цитрусовый",50 мл,22.04.2026,250
1196,Pheromone for men,"Фужерный, свежий пряный, цитрусовый",50 мл,22.04.2026,250
1197,Pheromone for men,"Фужерный, свежий пряный, цитрусовый",50 мл,22.04.2026,250
1198,Pheromone for men,"Фужерный, свежий пряный, цитрусовый",50 мл,22.04.2026,250
1199,Pheromone for men,"Фужерный, свежий пряный, цитрусовый",50 мл,22.04.2026,250
1200,Pheromone for men,"Фужерный, свежий пряный, цитрусовый",50 мл,22.04.2026,250
1201,Pheromone for men,"Фужерный, свежий пряный, цитрусовый",50 мл,22.04.2026,250
1202,Pheromone for men,"Фужерный, свежий пряный, цитрусовый",50 мл,22.04.2026,250
1203,Pheromone for men,"Фужерный, свежий пряный, цитрусовый",50 мл,22.04.2026,250
1204,Pheromone for men,"Фужерный, свежий пряный, цитрусовый",50 мл,22.04.2026,250
1205,Pheromone for men,"Фужерный, свежий пряный, цитрусовый",50 мл,22.04.2026,250
1206,Pheromone for men,"Фужерный, свежий пряный, цитрусовый",50 мл,22.04.2026,250
1207,Pheromone for men,"Фужерный, свежий пряный, цитрусовый",50 мл,22.04.2026,250
1208,Pheromone for men,"Фужерный, свежий пряный, цитрусовый",50 мл,22.04.2026,250
1209,Pheromone for men,"Фужерный, свежий пряный, цитрусовый",50 мл,22.04.2026,250
1210,Pheromone for men,"Фужерный, свежий пряный, цитрусовый",50 мл,22.04.2026,250
1211,Pheromone for men,"Фужерный, свежий пряный, цитрусовый",50 мл,22.04.2026,250
1212,Pheromone for men,"Фужерный, свежий пряный, цитрусовый",50 мл,22.04.2026,250
1213,Pheromone for men,"Фужерный, свежий пряный, цитрусовый",50 мл,22.04.2026,250
1214,Pheromone for men,"Фужерный, свежий пряный, цитрусовый",50 мл,22.04.2026,250
1215,Pheromone for men,"Фужерный, свежий пряный, цитрусовый",50 мл,22.04.2026,250
1216,Pheromone for men,"Фужерный, свежий пряный, цитрусовый",50 мл,22.04.2026,250
1217,Pheromone for men,"Фужерный, свежий пряный, цитрусовый",50 мл,22.04.2026,250
1218,Pheromone for men,"Фужерный, свежий пряный, цитрусовый",50 мл,22.04.2026,250
1219,Pheromone for men,"Фужерный, свежий пряный, цитрусовый",50 мл,22.04.2026,250
1220,Pheromone for men,"Фужерный, свежий пряный, цитрусовый",50 мл,22.04.2026,250
1221,Pheromone for men,"Фужерный, свежий пряный, цитрусовый",50 мл,22.04.2026,250
1222,Pheromone for men,"Фужерный, свежий пряный, цитрусовый",50 мл,22.04.2026,250
1223,Pheromone for men,"Фужерный, свежий пряный, цитрусовый",50 мл,22.04.2026,250
1224,Pheromone for men,"Фужерный, свежий пряный, цитрусовый",50 мл,22.04.2026,250
1225,Pheromone for men,"Фужерный, свежий пряный, цитрусовый",50 мл,22.04.2026,250
1226,Pheromone for men,"Фужерный, свежий пряный, цитрусовый",50 мл,22.04.2026,250
1227,Pheromone for men,"Фужерный, свежий пряный, цитрусовый",50 мл,22.04.2026,250
1228,Pheromone for men,"Фужерный, свежий пряный, цитрусовый",50 мл,22.04.2026,250
1229,Pheromone for men,"Фужерный, свежий пряный, цитрусовый",50 мл,22.04.2026,250
1230,Pheromone for men,"Фужерный, свежий пряный, цитрусовый",50 мл,22.04.2026,250
1231,Pheromone for men,"Фужерный, свежий пряный, цитрусовый",50 мл,22.04.2026,250
1232,Pheromone for men,"Фужерный, свежий пряный, цитрусовый",50 мл,22.04.2026,250
1233,Pheromone for men,"Фужерный, свежий пряный, цитрусовый",50 мл,22.04.2026,250
1234,Pheromone for men,"Фужерный, свежий пряный, цитрусовый",50 мл,22.04.2026,250
1235,Pheromone for men,"Фужерный, свежий пряный, цитрусовый",50 мл,22.04.2026,250
1236,Pheromone for men,"Фужерный, свежий пряный, цитрусовый",50 мл,22.04.2026,250
1237,Pheromone for men,"Фужерный, свежий пряный, цитрусовый",50 мл,22.04.2026,250
1238,Pheromone for men,"Фужерный, свежий пряный, цитрусовый",50 мл,22.04.2026,250
1239,Pheromone for men,"Фужерный, свежий пряный, цитрусовый",50 мл,22.04.2026,250
1240,Pheromone for men,"Фужерный, свежий пряный, цитрусовый",50 мл,22.04.2026,250
1241,Pheromone for men,"Фужерный, свежий пряный, цитрусовый",50 мл,22.04.2026,250
1242,Pheromone for men,"Фужерный, свежий пряный, цитрусовый",50 мл,22.04.2026,250
1243,Pheromone for men,"Фужерный, свежий пряный, цитрусовый",50 мл,22.04.2026,250
1244,Pheromone for men,"Фужерный, свежий пряный, цитрусовый",50 мл,22.04.2026,250
1245,Pheromone for men,"Фужерный, свежий пряный, цитрусовый",50 мл,22.04.2026,250
1246,Pheromone for men,"Фужерный, свежий пряный, цитрусовый",50 мл,22.04.2026,250
1247,Pheromone for men,"Фужерный, свежий пряный, цитрусовый",50 мл,22.04.2026,250
1248,Pheromone for men,"Фужерный, свежий пряный, цитрусовый",50 мл,22.04.2026,250
1249,Pheromone for men,"Фужерный, свежий пряный, цитрусовый",50 мл,22.04.2026,250
1250,Pheromone for men,"Фужерный, свежий пряный, цитрусовый",50 мл,22.04.2026,250
